Transaction_ID,Date,Region,Category,Sub_Category,Quantity,Price,Cost,Inventory_Days
1,2024-10-14,South,Furniture,Tables,9,1130.18,819.92,9
2,2024-10-28,West,Electronics,Mobiles,6,1963.39,1601.69,12
3,2024-11-30,South,Fashion,Men,6,1763.03,1409.28,20
4,2024-04-11,West,Grocery,Snacks,8,1128.05,894.58,15
5,2024-10-23,West,Fashion,Men,4,1431.99,1045.11,14
6,2024-09-01,East,Fashion,Women,3,1095.35,967.58,39
7,2024-07-25,West,Electronics,Laptops,3,1362.0,1095.13,40
8,2024-02-25,East,Furniture,Tables,3,183.26,144.57,43
9,2024-12-14,West,Grocery,Beverages,7,771.13,690.89,48
10,2024-11-02,East,Fashion,Women,2,825.58,710.35,37
11,2024-02-05,East,Fashion,Men,6,592.27,399.06,21
12,2024-04-17,North,Fashion,Women,1,829.13,740.2,28
13,2024-05-26,West,Furniture,Tables,3,1871.24,1360.06,50
14,2024-09-22,North,Fashion,Women,6,1034.07,972.16,53
15,2024-10-26,South,Electronics,Mobiles,2,2218.19,1721.93,44
16,2024-03-11,South,Furniture,Chairs,7,1111.31,984.01,43
17,2024-03-19,South,Electronics,Laptops,1,1791.62,1493.39,35
18,2024-05-02,North,Fashion,Women,6,1239.64,939.36,38
19,2024-10-09,East,Beauty,Makeup,6,2097.71,1931.28,55
20,2024-05-05,East,Electronics,Mobiles,2,2285.5,1937.94,39
21,2024-02-07,South,Beauty,Skincare,3,200.74,149.04,57
22,2024-05-26,East,Beauty,Makeup,8,415.97,281.15,38
23,2024-02-03,West,Electronics,Laptops,10,1984.9,1596.78,28
24,2024-02-19,East,Fashion,Women,6,638.86,488.46,10
25,2024-09-08,East,Electronics,Mobiles,10,861.96,619.77,19
26,2024-07-15,South,Beauty,Skincare,5,1105.85,937.79,9
27,2024-08-22,North,Electronics,Mobiles,5,1440.28,1351.62,18
28,2024-04-25,South,Electronics,Laptops,5,1097.93,1037.32,33
29,2024-03-26,North,Beauty,Skincare,4,1135.39,1068.48,22
30,2024-07-15,West,Electronics,Laptops,10,1108.75,893.52,10
31,2024-06-06,West,Electronics,Mobiles,3,467.95,325.83,26
32,2024-12-21,South,Beauty,Skincare,9,920.61,733.1,45
33,2024-03-01,West,Furniture,Tables,1,1171.02,842.29,42
34,2024-02-29,East,Electronics,Laptops,1,2033.1,1923.73,31
35,2024-07-24,West,Grocery,Snacks,9,910.64,817.27,12
36,2024-09-05,East,Beauty,Skincare,2,321.63,291.28,53
37,2024-09-13,North,Fashion,Women,2,2048.6,1473.0,42
38,2024-01-08,North,Fashion,Men,8,899.02,601.97,27
39,2024-06-05,North,Electronics,Laptops,8,914.61,662.2,41
40,2024-09-07,West,Fashion,Women,6,754.38,522.11,41
41,2024-02-26,South,Grocery,Beverages,2,264.49,250.61,41
42,2024-12-26,East,Electronics,Mobiles,10,2092.93,1727.45,39
43,2024-06-22,South,Electronics,Mobiles,3,1132.72,921.78,6
44,2024-07-13,West,Furniture,Chairs,6,770.95,517.45,55
45,2024-07-16,North,Grocery,Snacks,5,1870.64,1593.6,6
46,2024-11-10,West,Grocery,Snacks,1,301.77,254.46,44
47,2024-04-18,South,Beauty,Skincare,2,292.33,270.43,24
48,2024-04-07,South,Grocery,Snacks,4,918.1,717.92,35
49,2024-04-10,North,Electronics,Laptops,7,1800.07,1577.47,18
50,2024-09-29,North,Electronics,Mobiles,10,1991.96,1558.53,23
51,2024-10-15,North,Electronics,Laptops,5,1968.14,1712.94,11
52,2024-12-02,West,Electronics,Laptops,3,2403.24,1759.4,50
53,2024-04-08,East,Grocery,Beverages,1,740.89,596.17,60
54,2024-01-20,South,Beauty,Skincare,1,576.55,503.92,47
55,2024-09-03,East,Grocery,Snacks,10,331.5,313.1,29
56,2024-03-30,North,Beauty,Makeup,8,950.26,824.79,26
57,2024-02-26,West,Beauty,Makeup,4,2043.54,1478.7,16
58,2024-02-18,South,Fashion,Women,6,755.65,602.43,16
59,2024-05-20,South,Furniture,Chairs,8,1925.22,1617.65,10
60,2024-12-29,East,Grocery,Snacks,3,723.46,614.28,54
61,2024-05-22,South,Grocery,Snacks,8,1828.62,1740.36,40
62,2024-01-02,South,Grocery,Snacks,10,848.04,664.24,20
63,2024-11-30,North,Electronics,Laptops,9,1891.0,1706.56,60
64,2024-03-17,East,Beauty,Skincare,1,882.22,831.27,13
65,2024-08-03,North,Electronics,Mobiles,5,1592.28,1312.28,27
66,2024-05-28,East,Grocery,Beverages,4,2390.27,1614.67,40
67,2024-10-31,East,Beauty,Makeup,7,541.89,511.29,19
68,2024-06-26,East,Electronics,Mobiles,9,2577.93,1994.63,39
69,2024-11-07,East,Beauty,Skincare,10,2245.75,1577.33,13
70,2024-04-29,West,Furniture,Tables,4,258.74,193.47,30
71,2024-07-13,West,Furniture,Tables,7,2227.06,1796.83,45
72,2024-04-28,South,Fashion,Men,2,1056.21,810.59,7
73,2024-11-08,North,Beauty,Makeup,7,1262.16,999.61,20
74,2024-03-03,West,Beauty,Makeup,3,769.81,621.05,41
75,2024-01-19,South,Fashion,Men,6,2120.99,1877.93,51
76,2024-05-15,North,Fashion,Men,7,1268.01,1030.41,47
77,2024-10-14,North,Grocery,Snacks,2,814.95,642.1,36
78,2024-06-10,West,Furniture,Chairs,9,677.04,489.13,24
79,2024-04-08,South,Grocery,Beverages,1,2429.61,1757.87,18
80,2024-10-10,North,Electronics,Laptops,10,1813.35,1377.28,8
81,2024-04-25,North,Furniture,Tables,10,974.26,836.05,33
82,2024-07-11,East,Electronics,Mobiles,3,1793.27,1404.18,57
83,2024-11-22,East,Grocery,Snacks,9,2241.82,1740.7,18
84,2024-04-11,West,Furniture,Tables,9,186.19,136.78,56
85,2024-02-20,North,Grocery,Snacks,4,543.52,415.37,57
86,2024-07-26,North,Electronics,Laptops,3,813.83,770.39,25
87,2024-07-24,North,Beauty,Makeup,8,502.89,355.62,51
88,2024-11-11,West,Beauty,Makeup,8,853.06,771.75,55
89,2024-02-23,South,Electronics,Laptops,8,2041.6,1551.78,21
90,2024-09-01,West,Fashion,Men,10,1018.76,846.67,39
91,2024-12-02,South,Electronics,Mobiles,1,1919.69,1757.97,59
92,2024-02-29,West,Furniture,Chairs,4,1891.99,1605.32,9
93,2024-02-13,East,Furniture,Chairs,1,1018.92,851.25,23
94,2024-03-05,South,Furniture,Tables,7,477.92,440.34,30
95,2024-05-05,West,Fashion,Women,5,2001.02,1528.11,56
96,2024-11-21,East,Electronics,Mobiles,6,1919.38,1332.5,47
97,2024-05-18,South,Furniture,Chairs,4,561.56,502.25,58
98,2024-07-25,East,Electronics,Laptops,8,1648.33,1106.07,38
99,2024-11-27,West,Grocery,Beverages,10,2791.14,1877.52,49
100,2024-07-05,West,Grocery,Beverages,7,1009.73,747.61,52
101,2024-06-04,North,Fashion,Women,6,808.49,545.83,39
102,2024-07-23,South,Furniture,Chairs,9,377.59,279.99,44
103,2024-07-24,East,Fashion,Men,5,2396.67,1747.74,22
104,2024-12-04,South,Beauty,Makeup,7,2344.44,1597.21,12
105,2024-08-26,North,Beauty,Skincare,9,917.4,635.47,29
106,2024-10-03,West,Furniture,Chairs,4,273.8,257.54,11
107,2024-03-10,North,Grocery,Snacks,10,1423.5,977.17,7
108,2024-01-11,North,Furniture,Tables,3,2024.12,1540.07,52
109,2024-06-18,South,Grocery,Snacks,6,1493.33,1223.25,50
110,2024-01-21,South,Grocery,Beverages,2,1544.32,1262.16,19
111,2024-07-07,South,Beauty,Makeup,5,2248.25,1625.98,32
112,2024-05-03,South,Furniture,Chairs,9,924.79,845.23,45
113,2024-08-29,South,Electronics,Mobiles,5,627.58,513.28,26
114,2024-12-09,East,Electronics,Laptops,3,1192.84,828.44,10
115,2024-11-05,West,Furniture,Tables,5,1521.24,1226.28,43
116,2024-10-13,North,Electronics,Laptops,10,746.7,597.76,36
117,2024-05-09,East,Furniture,Chairs,1,1601.27,1082.61,37
118,2024-02-21,West,Grocery,Beverages,7,1682.24,1495.99,60
119,2024-07-11,South,Fashion,Women,7,1592.39,1068.42,41
120,2024-12-21,East,Electronics,Laptops,10,1442.65,1175.61,43
121,2024-05-04,North,Beauty,Makeup,7,1912.72,1401.19,46
122,2024-10-04,East,Fashion,Men,9,195.02,140.4,6
123,2024-08-13,North,Furniture,Tables,2,1452.87,988.36,30
124,2024-01-24,East,Fashion,Men,6,330.33,288.44,46
125,2024-09-07,East,Fashion,Women,2,700.76,504.75,19
126,2024-01-26,South,Grocery,Snacks,7,1080.58,762.44,44
127,2024-11-11,East,Grocery,Snacks,9,1865.22,1322.0,10
128,2024-10-11,South,Electronics,Mobiles,2,1148.01,827.94,53
129,2024-04-15,South,Furniture,Chairs,2,712.47,587.87,9
130,2024-10-10,West,Fashion,Men,9,2426.34,1873.1,15
131,2024-11-09,South,Grocery,Snacks,2,474.33,367.12,10
132,2024-12-17,North,Fashion,Women,8,945.12,877.43,15
133,2024-11-17,South,Furniture,Chairs,7,1314.61,1123.58,38
134,2024-03-27,West,Furniture,Chairs,4,292.31,203.34,29
135,2024-03-17,South,Fashion,Men,3,2508.33,1775.92,16
136,2024-09-27,West,Fashion,Men,6,1357.96,1002.03,57
137,2024-09-01,South,Electronics,Laptops,9,747.36,643.96,58
138,2024-11-22,West,Electronics,Laptops,10,1900.75,1734.64,56
139,2024-12-03,West,Grocery,Beverages,4,521.83,460.07,37
140,2024-02-25,West,Grocery,Beverages,7,2075.96,1593.51,33
141,2024-08-27,South,Grocery,Beverages,7,2159.74,1817.02,58
142,2024-04-26,South,Grocery,Snacks,9,406.31,327.52,46
143,2024-12-28,East,Fashion,Women,1,2472.36,1752.81,35
144,2024-03-17,South,Furniture,Tables,9,787.61,591.99,24
145,2024-10-17,South,Grocery,Snacks,3,1025.3,740.03,31
146,2024-05-15,West,Furniture,Chairs,5,1613.2,1269.25,29
147,2024-01-16,South,Electronics,Mobiles,2,507.55,339.27,5
148,2024-05-13,North,Furniture,Chairs,8,2074.78,1970.09,30
149,2024-09-15,South,Grocery,Snacks,7,1917.67,1396.93,24
150,2024-05-21,North,Grocery,Snacks,1,776.13,589.37,45
151,2024-11-04,East,Electronics,Laptops,9,505.6,337.8,24
152,2024-09-26,West,Fashion,Women,2,587.28,536.27,30
153,2024-04-27,South,Furniture,Tables,3,1197.28,928.72,17
154,2024-03-25,East,Furniture,Tables,8,428.1,307.41,57
155,2024-12-04,West,Furniture,Tables,5,2442.57,1889.02,12
156,2024-03-25,East,Grocery,Beverages,3,1724.82,1150.68,42
157,2024-08-21,East,Furniture,Tables,5,2524.44,1939.92,42
158,2024-05-26,West,Grocery,Snacks,8,1233.85,1090.92,57
159,2024-04-09,South,Fashion,Women,2,502.93,452.85,57
160,2024-05-24,East,Furniture,Tables,10,1441.91,1368.84,21
161,2024-10-03,North,Beauty,Skincare,5,905.96,722.57,8
162,2024-02-01,West,Grocery,Beverages,2,181.55,138.98,19
163,2024-09-27,South,Electronics,Mobiles,7,375.27,259.56,22
164,2024-08-26,North,Beauty,Makeup,2,2133.3,1830.46,44
165,2024-02-01,East,Electronics,Laptops,2,348.27,268.61,29
166,2024-02-03,South,Furniture,Tables,7,165.86,123.57,29
167,2024-03-11,South,Grocery,Beverages,7,229.86,195.89,47
168,2024-04-14,East,Electronics,Laptops,1,1341.62,998.12,56
169,2024-01-27,North,Beauty,Makeup,3,1085.08,1028.27,60
170,2024-11-27,West,Beauty,Makeup,7,1625.58,1308.58,47
171,2024-09-30,East,Beauty,Makeup,10,2350.17,1887.42,45
172,2024-04-16,North,Grocery,Beverages,9,1648.39,1155.97,46
173,2024-12-15,North,Electronics,Mobiles,10,1916.28,1555.4,10
174,2024-02-20,West,Furniture,Tables,2,778.44,716.37,28
175,2024-02-16,South,Furniture,Chairs,1,794.18,640.81,52
176,2024-07-27,East,Fashion,Women,3,1848.67,1405.72,27
177,2024-11-02,South,Furniture,Chairs,8,2237.81,1503.29,13
178,2024-01-03,West,Grocery,Snacks,4,2273.08,1629.03,16
179,2024-03-11,West,Beauty,Makeup,3,1830.31,1362.37,34
180,2024-07-10,West,Fashion,Women,6,1000.55,795.25,30
181,2024-06-08,South,Furniture,Tables,5,340.95,262.58,18
182,2024-06-26,South,Beauty,Skincare,10,665.31,542.74,35
183,2024-02-20,East,Furniture,Chairs,1,236.92,167.55,53
184,2024-09-01,South,Beauty,Makeup,10,1735.69,1370.65,39
185,2024-09-30,North,Electronics,Laptops,8,1821.44,1239.34,58
186,2024-06-01,East,Grocery,Beverages,10,1178.97,1046.26,55
187,2024-12-15,North,Beauty,Skincare,2,894.81,613.8,17
188,2024-12-02,South,Fashion,Women,7,2391.69,1909.57,10
189,2024-05-08,North,Beauty,Skincare,6,457.79,391.32,18
190,2024-02-08,North,Electronics,Mobiles,7,1306.8,1016.94,24
191,2024-03-15,West,Electronics,Laptops,2,1683.01,1421.36,15
192,2024-09-09,East,Beauty,Skincare,10,1049.21,706.1,9
193,2024-07-15,West,Electronics,Mobiles,5,2520.95,1900.68,56
194,2024-05-02,North,Electronics,Laptops,4,314.09,236.22,47
195,2024-02-28,East,Fashion,Women,7,468.52,397.3,58
196,2024-08-13,West,Fashion,Men,8,1155.51,791.57,31
197,2024-11-04,East,Grocery,Snacks,2,278.81,246.34,34
198,2024-11-13,West,Grocery,Snacks,4,1507.96,1042.01,50
199,2024-11-30,West,Beauty,Skincare,7,1766.17,1406.07,60
200,2024-03-24,East,Beauty,Makeup,6,1532.26,1371.49,35
201,2024-02-06,West,Electronics,Mobiles,4,818.43,615.93,36
202,2024-02-18,West,Grocery,Beverages,3,1678.97,1492.82,40
203,2024-09-22,West,Grocery,Beverages,6,2260.17,1727.16,8
204,2024-04-14,North,Beauty,Skincare,4,1092.43,936.13,42
205,2024-01-27,South,Furniture,Tables,2,835.23,729.53,52
206,2024-07-26,East,Fashion,Men,1,2640.07,1882.36,5
207,2024-09-08,South,Furniture,Tables,2,482.76,424.15,10
208,2024-06-14,South,Beauty,Skincare,6,1405.2,1055.7,25
209,2024-05-28,West,Fashion,Men,2,1099.01,839.67,30
210,2024-10-20,West,Beauty,Makeup,9,1472.44,1085.37,60
211,2024-08-31,West,Furniture,Tables,8,515.65,435.56,34
212,2024-02-13,South,Furniture,Chairs,4,1654.44,1487.92,22
213,2024-06-08,West,Beauty,Makeup,8,2716.21,1880.01,22
214,2024-03-18,South,Fashion,Women,4,498.28,340.68,18
215,2024-12-29,South,Beauty,Makeup,7,1805.78,1248.06,6
216,2024-08-05,South,Electronics,Laptops,5,256.1,232.66,12
217,2024-04-23,West,Electronics,Laptops,7,1514.7,1243.73,54
218,2024-11-18,West,Grocery,Snacks,3,530.65,377.03,39
219,2024-05-26,West,Electronics,Mobiles,5,1086.68,791.39,50
220,2024-11-01,North,Fashion,Men,1,1386.26,1064.48,58
221,2024-06-12,South,Electronics,Mobiles,2,2036.22,1835.33,48
222,2024-02-12,North,Grocery,Beverages,10,1608.16,1479.59,37
223,2024-04-21,East,Fashion,Women,6,1287.97,1140.73,50
224,2024-11-18,North,Furniture,Chairs,1,1952.63,1629.67,10
225,2024-11-25,East,Fashion,Men,8,2126.63,1952.25,53
226,2024-11-10,North,Beauty,Skincare,9,342.29,277.76,8
227,2024-10-22,South,Fashion,Men,3,749.35,507.84,5
228,2024-01-30,South,Furniture,Chairs,2,371.61,317.37,19
229,2024-05-06,West,Furniture,Tables,3,2233.22,1568.75,45
230,2024-09-10,East,Fashion,Women,4,1551.35,1248.56,21
231,2024-06-13,East,Fashion,Men,7,399.17,356.28,56
232,2024-06-16,North,Beauty,Makeup,4,388.84,353.0,41
233,2024-02-23,North,Furniture,Chairs,1,1376.46,1308.61,16
234,2024-06-20,West,Beauty,Makeup,6,2762.02,1912.37,49
235,2024-05-20,North,Furniture,Chairs,7,2074.6,1924.01,35
236,2024-09-11,South,Grocery,Beverages,1,1348.37,1117.45,10
237,2024-09-16,South,Furniture,Chairs,9,2443.68,1876.48,21
238,2024-01-07,West,Electronics,Laptops,3,1476.52,1260.57,46
239,2024-03-19,East,Beauty,Skincare,6,1073.5,904.4,12
240,2024-12-12,West,Beauty,Skincare,5,2281.08,1606.7,36
241,2024-04-11,South,Beauty,Skincare,5,1722.21,1468.97,12
242,2024-07-07,North,Beauty,Makeup,9,1288.97,1173.34,47
243,2024-04-20,South,Furniture,Tables,3,2105.44,1503.22,24
244,2024-04-14,East,Fashion,Men,7,454.86,397.6,42
245,2024-12-19,West,Electronics,Mobiles,1,1578.52,1474.95,51
246,2024-07-06,West,Beauty,Makeup,2,790.92,601.68,38
247,2024-07-15,East,Electronics,Laptops,5,1600.94,1125.39,7
248,2024-09-16,West,Fashion,Men,4,2412.77,1913.9,37
249,2024-02-19,East,Furniture,Tables,3,1018.65,697.97,18
250,2024-10-10,South,Electronics,Mobiles,1,948.87,634.3,27
251,2024-06-06,East,Furniture,Tables,3,1646.75,1162.02,48
252,2024-03-27,West,Electronics,Laptops,7,1854.31,1315.89,8
253,2024-09-06,West,Furniture,Tables,6,1713.7,1262.8,40
254,2024-01-06,East,Furniture,Tables,10,1051.72,736.84,14
255,2024-02-12,South,Fashion,Women,2,855.76,768.01,10
256,2024-11-22,South,Fashion,Men,10,2028.37,1914.36,32
257,2024-01-13,East,Fashion,Women,4,2096.94,1572.86,37
258,2024-04-09,West,Furniture,Tables,8,2169.31,1598.2,32
259,2024-01-30,West,Fashion,Men,4,1132.9,959.39,41
260,2024-04-25,East,Grocery,Beverages,6,257.4,224.18,10
261,2024-09-18,East,Grocery,Beverages,3,663.57,541.03,5
262,2024-09-08,East,Fashion,Men,9,660.33,523.93,59
263,2024-01-11,West,Beauty,Skincare,1,570.58,475.76,36
264,2024-01-11,South,Beauty,Makeup,3,1257.78,917.09,60
265,2024-02-27,East,Electronics,Mobiles,8,676.14,634.46,22
266,2024-01-14,South,Grocery,Beverages,4,1077.19,1021.94,35
267,2024-07-26,West,Electronics,Laptops,7,1956.0,1575.4,11
268,2024-05-29,East,Electronics,Mobiles,1,2283.91,1884.61,40
269,2024-12-24,East,Furniture,Chairs,2,1967.66,1358.97,52
270,2024-09-14,South,Fashion,Women,4,387.13,258.43,10
271,2024-11-07,West,Electronics,Mobiles,5,609.34,579.83,15
272,2024-08-17,West,Grocery,Snacks,7,1588.37,1388.83,25
273,2024-09-09,South,Beauty,Makeup,7,2430.01,1687.2,12
274,2024-06-08,East,Beauty,Makeup,9,2145.11,1575.52,15
275,2024-08-12,West,Furniture,Tables,1,412.95,380.36,20
276,2024-02-22,South,Grocery,Beverages,6,950.75,658.32,36
277,2024-03-31,East,Furniture,Tables,7,2277.44,1540.07,10
278,2024-10-28,East,Grocery,Snacks,4,2179.66,1532.71,11
279,2024-12-06,West,Fashion,Women,4,1962.75,1649.64,20
280,2024-05-21,East,Grocery,Snacks,3,1460.41,1284.73,42
281,2024-12-14,East,Electronics,Mobiles,8,926.82,716.16,48
282,2024-06-09,East,Grocery,Snacks,1,1467.38,1082.13,25
283,2024-03-25,East,Grocery,Snacks,10,2502.17,1761.35,46
284,2024-01-16,East,Beauty,Skincare,1,2464.87,1865.42,37
285,2024-02-03,West,Furniture,Tables,9,536.73,455.61,44
286,2024-08-05,East,Beauty,Skincare,8,1762.12,1222.21,9
287,2024-03-14,East,Electronics,Mobiles,3,2153.47,1611.9,11
288,2024-12-30,West,Fashion,Women,7,989.9,881.22,59
289,2024-04-07,North,Fashion,Women,6,316.88,267.5,37
290,2024-05-24,South,Fashion,Women,6,354.48,236.81,34
291,2024-10-17,South,Beauty,Makeup,8,2180.87,1865.54,24
292,2024-08-15,West,Electronics,Mobiles,6,1692.71,1422.32,57
293,2024-01-29,North,Furniture,Chairs,1,344.44,303.35,11
294,2024-07-08,East,Grocery,Beverages,10,1392.87,1193.07,18
295,2024-01-12,West,Furniture,Tables,3,778.59,538.02,32
296,2024-03-01,West,Grocery,Snacks,3,2084.54,1813.66,42
297,2024-11-03,East,Grocery,Beverages,6,168.01,147.54,14
298,2024-09-29,North,Fashion,Men,9,386.3,271.86,36
299,2024-11-17,East,Beauty,Makeup,7,1566.11,1323.6,35
300,2024-01-26,West,Grocery,Beverages,10,1133.71,1037.26,53
301,2024-04-12,West,Grocery,Beverages,7,1070.88,989.2,51
302,2024-06-03,West,Furniture,Tables,3,653.49,499.06,38
303,2024-12-19,East,Fashion,Women,3,1587.92,1188.24,42
304,2024-11-23,North,Fashion,Women,3,587.4,417.13,54
305,2024-06-30,South,Grocery,Beverages,1,791.93,635.98,50
306,2024-01-29,East,Grocery,Beverages,9,2824.88,1918.29,33
307,2024-02-21,South,Beauty,Makeup,3,950.11,666.92,6
308,2024-01-21,North,Grocery,Beverages,2,1805.28,1694.02,58
309,2024-10-31,North,Beauty,Makeup,10,442.66,342.26,7
310,2024-10-29,East,Furniture,Chairs,2,2105.17,1470.04,13
311,2024-07-28,North,Fashion,Women,9,238.53,163.74,52
312,2024-03-11,West,Furniture,Tables,9,1009.39,746.89,44
313,2024-04-29,West,Grocery,Beverages,7,1780.71,1659.84,40
314,2024-03-05,East,Beauty,Makeup,10,338.43,238.0,30
315,2024-05-11,North,Electronics,Mobiles,6,660.85,598.83,42
316,2024-06-19,North,Furniture,Tables,9,941.6,671.49,5
317,2024-06-20,South,Furniture,Tables,9,480.2,443.22,29
318,2024-11-06,East,Beauty,Skincare,8,1426.26,1019.82,5
319,2024-12-09,East,Beauty,Skincare,10,2180.41,1781.26,15
320,2024-01-20,West,Electronics,Laptops,5,2074.66,1891.41,31
321,2024-10-12,West,Beauty,Skincare,8,464.12,352.91,9
322,2024-12-25,East,Grocery,Beverages,5,2147.13,1726.44,51
323,2024-05-21,North,Furniture,Chairs,5,1694.85,1177.94,46
324,2024-07-01,East,Fashion,Women,1,1654.06,1209.09,13
325,2024-09-05,South,Grocery,Beverages,6,2495.43,1745.09,50
326,2024-12-11,East,Beauty,Makeup,6,280.6,251.46,43
327,2024-01-28,West,Beauty,Skincare,8,781.98,646.99,56
328,2024-11-05,North,Furniture,Tables,10,1412.99,1111.42,14
329,2024-07-31,East,Furniture,Chairs,5,289.83,221.27,55
330,2024-10-19,South,Beauty,Makeup,5,2223.15,1612.7,18
331,2024-02-22,East,Beauty,Makeup,6,1152.17,776.0,44
332,2024-10-07,North,Furniture,Chairs,3,2778.22,1873.39,7
333,2024-07-10,East,Fashion,Women,8,1043.26,762.77,54
334,2024-10-13,West,Grocery,Beverages,4,411.78,317.68,35
335,2024-07-05,South,Furniture,Chairs,7,225.41,172.72,17
336,2024-10-28,North,Beauty,Skincare,6,165.91,122.45,6
337,2024-10-08,South,Furniture,Chairs,7,1768.26,1462.56,41
338,2024-04-22,South,Furniture,Chairs,7,1573.24,1179.67,17
339,2024-07-06,East,Electronics,Laptops,1,2129.31,1452.59,46
340,2024-12-22,West,Fashion,Women,2,1916.08,1278.99,45
341,2024-08-27,North,Fashion,Women,4,534.21,476.73,25
342,2024-02-11,East,Furniture,Chairs,9,1605.89,1389.88,27
343,2024-12-27,East,Grocery,Snacks,4,923.7,811.85,17
344,2024-03-25,South,Electronics,Mobiles,7,1252.09,836.92,55
345,2024-09-29,North,Beauty,Makeup,7,378.5,291.21,14
346,2024-10-06,South,Grocery,Snacks,6,466.18,438.09,38
347,2024-09-06,East,Beauty,Makeup,7,1270.74,1098.75,49
348,2024-04-12,West,Beauty,Makeup,9,1634.58,1115.67,6
349,2024-06-18,East,Beauty,Skincare,5,2227.91,1606.0,13
350,2024-08-18,East,Grocery,Beverages,1,1505.16,1050.3,43
351,2024-06-24,West,Grocery,Snacks,2,2058.73,1904.74,26
352,2024-03-17,West,Electronics,Laptops,1,849.78,807.16,16
353,2024-05-12,North,Grocery,Beverages,3,248.44,197.57,13
354,2024-05-07,East,Furniture,Tables,4,1427.67,1189.06,40
355,2024-10-01,South,Electronics,Mobiles,6,1244.45,1101.9,27
356,2024-06-23,East,Beauty,Skincare,6,2281.83,1755.73,56
357,2024-02-02,West,Furniture,Chairs,8,1402.95,1232.84,9
358,2024-11-06,West,Furniture,Chairs,9,327.03,257.51,26
359,2024-11-03,West,Grocery,Beverages,4,571.29,382.29,27
360,2024-06-05,West,Beauty,Skincare,7,508.78,366.19,35
361,2024-10-21,East,Electronics,Laptops,8,676.68,576.14,50
362,2024-10-24,North,Furniture,Chairs,2,216.69,159.75,26
363,2024-11-19,South,Grocery,Snacks,9,1563.02,1203.25,38
364,2024-11-30,West,Grocery,Snacks,6,629.65,425.06,26
365,2024-10-31,South,Furniture,Chairs,8,1781.16,1245.01,11
366,2024-02-15,West,Fashion,Men,1,1917.94,1324.71,13
367,2024-06-08,East,Beauty,Skincare,3,1481.84,1206.95,47
368,2024-08-12,North,Grocery,Beverages,1,1644.03,1198.79,19
369,2024-10-31,East,Fashion,Men,9,1576.72,1096.38,40
370,2024-05-06,East,Electronics,Laptops,8,718.89,555.67,46
371,2024-12-30,South,Electronics,Mobiles,9,1450.31,1016.7,42
372,2024-08-09,South,Electronics,Laptops,6,622.95,476.73,38
373,2024-02-09,East,Beauty,Skincare,8,2240.28,1774.95,7
374,2024-01-02,North,Furniture,Tables,1,1694.87,1338.55,49
375,2024-12-19,South,Grocery,Snacks,3,516.03,453.08,39
376,2024-12-20,South,Furniture,Chairs,7,2081.57,1395.38,28
377,2024-12-10,North,Electronics,Mobiles,1,2515.15,1949.1,51
378,2024-05-17,South,Beauty,Makeup,4,1526.8,1443.17,44
379,2024-05-07,West,Grocery,Snacks,3,1590.74,1113.28,42
380,2024-03-17,North,Furniture,Tables,7,1081.49,756.16,10
381,2024-02-18,South,Fashion,Women,6,2016.82,1474.32,10
382,2024-04-06,North,Electronics,Mobiles,8,1139.74,773.47,38
383,2024-02-09,South,Grocery,Beverages,5,1765.82,1542.82,13
384,2024-05-04,West,Grocery,Snacks,1,380.73,266.6,28
385,2024-01-02,North,Furniture,Tables,1,994.03,881.84,7
386,2024-02-04,North,Grocery,Snacks,7,792.14,731.52,6
387,2024-08-05,East,Beauty,Makeup,1,534.62,367.43,34
388,2024-11-24,West,Furniture,Tables,2,2019.85,1403.18,17
389,2024-10-05,West,Furniture,Tables,8,2596.79,1746.51,19
390,2024-06-06,North,Electronics,Mobiles,10,1815.28,1420.29,45
391,2024-02-28,East,Furniture,Tables,3,462.81,329.55,7
392,2024-07-24,West,Beauty,Makeup,1,2569.17,1768.21,8
393,2024-01-18,East,Electronics,Laptops,5,1528.1,1396.98,16
394,2024-08-17,East,Electronics,Laptops,9,1423.36,1062.24,52
395,2024-01-23,South,Electronics,Laptops,9,1825.97,1218.52,7
396,2024-06-16,East,Fashion,Women,4,1816.34,1593.31,45
397,2024-04-19,West,Fashion,Women,4,1232.19,902.09,47
398,2024-06-30,East,Fashion,Men,9,1271.08,1001.11,10
399,2024-01-11,North,Electronics,Mobiles,4,928.57,642.24,33
400,2024-04-11,West,Beauty,Makeup,10,1340.85,1084.95,40
401,2024-11-08,North,Electronics,Mobiles,1,215.06,152.81,16
402,2024-11-20,East,Furniture,Chairs,8,209.46,197.46,46
403,2024-12-28,North,Beauty,Makeup,9,2310.43,1758.1,14
404,2024-01-31,East,Grocery,Snacks,9,382.89,313.6,25
405,2024-02-29,East,Beauty,Makeup,8,1488.23,1077.41,7
406,2024-04-26,South,Beauty,Skincare,8,1174.37,813.19,60
407,2024-11-22,West,Beauty,Skincare,10,1580.82,1176.71,17
408,2024-03-09,East,Beauty,Skincare,3,1315.57,1143.52,8
409,2024-03-14,West,Electronics,Laptops,2,2851.76,1912.98,54
410,2024-11-14,East,Furniture,Chairs,7,1754.0,1311.28,8
411,2024-10-15,West,Furniture,Chairs,8,745.94,577.21,32
412,2024-02-21,North,Fashion,Women,5,2433.38,1999.11,41
413,2024-12-16,West,Grocery,Snacks,7,1219.66,950.65,39
414,2024-06-15,South,Grocery,Beverages,5,2161.81,1630.14,58
415,2024-10-20,South,Beauty,Makeup,2,835.13,597.62,13
416,2024-01-09,South,Electronics,Mobiles,6,1631.07,1446.96,60
417,2024-07-12,East,Fashion,Women,7,2282.31,1591.38,24
418,2024-12-21,West,Grocery,Beverages,9,2199.13,1554.14,58
419,2024-09-24,East,Furniture,Chairs,3,1844.92,1625.82,32
420,2024-02-26,West,Furniture,Chairs,3,985.3,685.09,36
421,2024-01-06,West,Beauty,Skincare,7,2112.12,1966.37,39
422,2024-11-07,East,Grocery,Beverages,4,1609.62,1148.87,28
423,2024-11-13,West,Electronics,Mobiles,1,214.44,188.82,27
424,2024-10-02,North,Beauty,Skincare,1,518.28,389.65,5
425,2024-07-30,North,Electronics,Laptops,4,944.06,784.2,22
426,2024-05-13,East,Grocery,Snacks,6,2580.39,1851.9,44
427,2024-06-22,West,Electronics,Mobiles,4,694.96,472.35,10
428,2024-02-22,North,Electronics,Laptops,2,501.37,468.97,58
429,2024-06-13,West,Grocery,Snacks,7,536.26,369.31,38
430,2024-07-14,South,Electronics,Laptops,9,733.69,619.0,57
431,2024-07-21,West,Beauty,Makeup,7,1282.56,875.46,57
432,2024-12-03,South,Beauty,Skincare,1,2378.36,1920.77,30
433,2024-09-07,North,Electronics,Mobiles,1,1331.6,1193.44,59
434,2024-06-01,West,Furniture,Chairs,4,1187.99,978.23,36
435,2024-12-28,East,Electronics,Laptops,9,942.24,808.82,50
436,2024-03-14,North,Beauty,Skincare,4,584.27,556.07,54
437,2024-05-26,West,Furniture,Tables,9,1474.61,1270.17,42
438,2024-12-06,West,Furniture,Tables,1,1904.83,1733.07,17
439,2024-11-01,East,Grocery,Beverages,8,1863.86,1417.68,48
440,2024-09-08,West,Beauty,Skincare,2,1427.55,962.6,48
441,2024-08-10,East,Fashion,Women,9,720.41,481.25,40
442,2024-06-07,East,Grocery,Beverages,2,1227.75,1023.91,11
443,2024-05-13,West,Beauty,Skincare,6,478.91,437.47,53
444,2024-06-30,East,Fashion,Women,8,677.96,591.7,35
445,2024-10-07,North,Furniture,Chairs,10,2181.35,1522.62,55
446,2024-11-04,South,Electronics,Laptops,4,1229.47,1114.06,60
447,2024-03-16,West,Grocery,Beverages,1,734.56,681.82,27
448,2024-07-31,East,Fashion,Women,1,2544.41,1854.05,20
449,2024-03-11,West,Grocery,Beverages,8,2354.33,1834.4,30
450,2024-10-09,North,Electronics,Mobiles,8,1935.87,1830.81,6
451,2024-02-22,West,Furniture,Tables,5,1458.89,1371.98,24
452,2024-02-13,West,Grocery,Snacks,4,2096.04,1732.88,33
453,2024-09-01,West,Furniture,Tables,10,320.93,273.46,42
454,2024-12-02,West,Fashion,Men,6,804.32,748.4,15
455,2024-02-25,North,Fashion,Men,7,260.61,221.35,16
456,2024-09-14,East,Grocery,Snacks,3,741.75,538.82,46
457,2024-01-20,West,Fashion,Women,6,1596.41,1345.72,16
458,2024-11-28,West,Grocery,Snacks,4,2321.78,1948.02,18
459,2024-11-03,West,Fashion,Women,9,1269.6,1111.45,38
460,2024-07-14,North,Fashion,Men,10,1884.33,1479.46,27
461,2024-05-05,West,Electronics,Mobiles,4,540.54,373.0,37
462,2024-12-15,South,Grocery,Beverages,1,1327.64,1056.0,38
463,2024-07-31,West,Electronics,Laptops,4,1414.66,1030.42,60
464,2024-08-15,South,Beauty,Skincare,7,2023.68,1856.08,47
465,2024-04-03,East,Electronics,Laptops,9,1950.89,1767.94,41
466,2024-04-09,East,Beauty,Skincare,2,1803.58,1678.16,38
467,2024-07-10,North,Furniture,Chairs,1,1730.72,1214.45,36
468,2024-11-04,West,Electronics,Mobiles,3,1349.6,1193.98,50
469,2024-09-05,East,Furniture,Tables,1,1676.23,1277.29,21
470,2024-04-23,South,Grocery,Beverages,7,1940.79,1738.2,25
471,2024-09-24,North,Fashion,Women,5,794.47,536.04,48
472,2024-12-16,East,Beauty,Skincare,2,695.28,498.84,33
473,2024-10-02,North,Fashion,Women,6,784.19,669.53,17
474,2024-07-26,East,Beauty,Skincare,10,508.43,360.28,7
475,2024-09-04,North,Fashion,Women,1,124.47,118.38,50
476,2024-07-29,North,Fashion,Women,9,470.36,371.46,5
477,2024-03-04,East,Grocery,Beverages,8,2655.72,1788.16,38
478,2024-10-11,North,Electronics,Mobiles,3,445.73,357.98,17
479,2024-12-27,East,Fashion,Men,6,1129.37,764.75,25
480,2024-04-05,North,Fashion,Men,9,1342.27,1068.91,47
481,2024-02-27,West,Furniture,Chairs,7,2000.47,1813.8,42
482,2024-10-18,South,Electronics,Mobiles,8,1052.47,860.36,57
483,2024-03-17,North,Grocery,Snacks,7,1957.98,1808.66,38
484,2024-12-27,West,Furniture,Chairs,2,888.48,810.37,18
485,2024-12-20,West,Grocery,Beverages,2,910.29,671.75,24
486,2024-03-22,North,Beauty,Skincare,1,1038.92,785.92,31
487,2024-08-07,East,Beauty,Makeup,6,1382.97,1159.64,33
488,2024-04-11,South,Fashion,Men,7,758.69,716.63,37
489,2024-05-13,East,Furniture,Chairs,5,2533.85,1871.61,50
490,2024-12-03,North,Electronics,Laptops,10,242.13,205.18,54
491,2024-07-30,North,Electronics,Laptops,9,363.0,290.35,54
492,2024-03-07,North,Electronics,Laptops,9,1693.21,1182.79,48
493,2024-11-12,East,Furniture,Chairs,6,1462.61,1363.25,52
494,2024-07-13,North,Fashion,Men,9,2512.18,1679.34,25
495,2024-02-13,East,Electronics,Mobiles,4,939.15,711.83,10
496,2024-06-20,North,Grocery,Beverages,7,2410.34,1886.42,60
497,2024-03-30,South,Electronics,Mobiles,6,1120.55,966.62,48
498,2024-12-28,East,Beauty,Skincare,7,233.97,201.63,40
499,2024-04-15,East,Beauty,Skincare,10,2713.16,1875.45,55
500,2024-10-22,West,Electronics,Mobiles,5,1065.6,885.72,8
501,2024-10-28,South,Electronics,Mobiles,8,193.83,140.62,43
502,2024-04-09,North,Furniture,Tables,8,2227.3,1774.38,47
503,2024-05-24,West,Grocery,Beverages,7,712.98,550.6,53
504,2024-04-12,South,Furniture,Tables,9,1927.58,1400.65,39
505,2024-10-04,North,Fashion,Men,6,2319.64,1744.05,30
506,2024-11-21,East,Grocery,Beverages,2,1419.46,1066.2,8
507,2024-06-09,North,Beauty,Skincare,2,661.78,480.06,39
508,2024-03-26,West,Grocery,Beverages,10,418.5,349.82,22
509,2024-02-21,West,Beauty,Skincare,4,1427.87,1195.26,19
510,2024-02-06,West,Grocery,Beverages,7,626.86,531.55,25
511,2024-01-26,North,Furniture,Chairs,3,2165.84,1797.79,29
512,2024-06-03,South,Beauty,Makeup,6,1288.76,915.88,8
513,2024-11-25,West,Beauty,Skincare,2,371.29,314.03,60
514,2024-08-12,East,Fashion,Women,7,2660.51,1820.39,32
515,2024-10-19,North,Grocery,Beverages,10,1341.54,1160.29,52
516,2024-11-01,West,Beauty,Makeup,10,1584.06,1227.96,52
517,2024-04-11,West,Grocery,Snacks,3,1964.54,1769.41,56
518,2024-08-16,North,Electronics,Mobiles,10,248.58,223.63,26
519,2024-02-26,North,Grocery,Beverages,6,268.36,211.61,26
520,2024-10-23,North,Grocery,Snacks,6,2095.13,1926.82,32
521,2024-10-08,East,Furniture,Chairs,6,2021.39,1708.04,36
522,2024-04-14,West,Fashion,Men,1,1894.27,1642.53,38
523,2024-09-07,North,Furniture,Chairs,9,1031.38,974.24,53
524,2024-09-30,North,Fashion,Men,1,184.47,159.36,35
525,2024-02-03,North,Grocery,Snacks,8,1634.74,1207.71,29
526,2024-06-20,South,Fashion,Men,6,2325.28,1718.04,25
527,2024-01-13,East,Grocery,Snacks,9,727.03,514.89,25
528,2024-02-05,East,Fashion,Men,5,825.03,639.68,54
529,2024-03-20,North,Furniture,Tables,1,1861.59,1747.08,19
530,2024-01-02,West,Beauty,Makeup,7,2536.46,1702.0,58
531,2024-12-30,North,Electronics,Mobiles,9,450.17,409.65,36
532,2024-04-17,West,Electronics,Laptops,6,996.19,752.01,57
533,2024-04-09,North,Fashion,Men,7,2297.05,1960.59,8
534,2024-08-01,East,Beauty,Skincare,3,2035.35,1826.11,10
535,2024-09-12,North,Beauty,Skincare,3,1148.43,947.6,44
536,2024-01-16,North,Beauty,Makeup,4,2527.68,1909.11,54
537,2024-10-13,East,Fashion,Men,3,2163.81,1475.02,35
538,2024-01-14,North,Beauty,Makeup,4,2793.14,1911.17,13
539,2024-08-12,West,Fashion,Men,7,2128.97,1948.83,30
540,2024-03-13,South,Beauty,Makeup,10,1765.23,1668.78,54
541,2024-11-19,West,Beauty,Makeup,10,2822.4,1903.71,49
542,2024-10-30,East,Beauty,Makeup,3,413.18,334.24,23
543,2024-07-17,North,Beauty,Makeup,9,2032.07,1785.32,15
544,2024-09-09,West,Furniture,Tables,1,2381.78,1649.96,22
545,2024-10-21,North,Grocery,Beverages,9,1115.32,779.53,27
546,2024-12-09,East,Beauty,Makeup,10,1293.71,865.85,60
547,2024-05-06,South,Beauty,Makeup,10,2573.37,1814.08,5
548,2024-03-08,North,Electronics,Mobiles,4,1329.65,1136.78,35
549,2024-02-25,South,Furniture,Tables,5,1982.91,1656.43,45
550,2024-05-05,South,Beauty,Skincare,9,1913.98,1530.68,59
551,2024-09-23,South,Electronics,Mobiles,3,2310.94,1586.76,31
552,2024-04-18,East,Grocery,Snacks,3,1546.06,1435.85,35
553,2024-12-11,West,Furniture,Tables,4,1705.7,1217.96,21
554,2024-05-04,North,Furniture,Chairs,3,1575.64,1101.79,36
555,2024-05-06,East,Fashion,Men,5,2041.75,1412.9,17
556,2024-09-13,North,Beauty,Makeup,8,2725.45,1901.98,35
557,2024-10-11,East,Fashion,Men,3,1083.59,785.67,9
558,2024-01-25,South,Grocery,Snacks,3,1236.25,916.8,23
559,2024-07-16,East,Grocery,Beverages,6,385.61,301.13,17
560,2024-12-19,North,Grocery,Beverages,1,424.93,291.56,47
561,2024-09-17,North,Beauty,Makeup,5,1022.32,943.5,8
562,2024-03-20,North,Beauty,Makeup,2,620.87,454.03,22
563,2024-10-20,East,Fashion,Men,5,745.54,605.4,9
564,2024-10-13,West,Electronics,Laptops,4,2453.77,1940.12,5
565,2024-04-17,North,Electronics,Mobiles,4,1775.5,1615.71,5
566,2024-06-20,North,Furniture,Chairs,6,2050.43,1597.61,25
567,2024-01-09,West,Furniture,Tables,1,1911.0,1720.7,32
568,2024-03-08,South,Fashion,Men,7,2533.39,1993.52,31
569,2024-08-05,East,Electronics,Laptops,4,178.54,165.24,13
570,2024-08-02,South,Beauty,Makeup,3,1466.75,1181.31,36
571,2024-03-08,West,Beauty,Skincare,9,2322.5,1574.29,60
572,2024-04-08,North,Beauty,Skincare,2,1044.76,734.64,60
573,2024-12-29,North,Furniture,Tables,9,1969.65,1864.37,58
574,2024-12-20,South,Grocery,Snacks,4,274.97,228.86,30
575,2024-01-17,East,Beauty,Makeup,10,2244.04,1782.3,40
576,2024-04-13,East,Electronics,Mobiles,2,310.36,270.69,22
577,2024-04-24,North,Grocery,Beverages,3,142.02,133.83,27
578,2024-12-06,South,Grocery,Beverages,3,710.25,643.07,23
579,2024-10-09,West,Beauty,Skincare,4,625.03,546.0,16
580,2024-07-25,West,Electronics,Laptops,1,539.12,402.07,37
581,2024-08-29,North,Grocery,Beverages,5,383.24,336.85,5
582,2024-04-10,South,Beauty,Makeup,4,595.37,457.95,40
583,2024-01-14,North,Fashion,Men,6,1825.67,1260.33,40
584,2024-01-27,South,Electronics,Laptops,3,2014.36,1378.3,34
585,2024-06-24,East,Furniture,Tables,5,1690.6,1233.06,14
586,2024-09-22,West,Fashion,Men,4,2124.15,1747.2,60
587,2024-06-21,South,Furniture,Tables,7,1170.35,941.43,5
588,2024-08-21,West,Beauty,Skincare,7,1025.77,934.28,19
589,2024-04-10,West,Fashion,Women,2,1667.58,1571.79,29
590,2024-11-06,West,Furniture,Tables,10,1952.21,1783.61,7
591,2024-11-14,East,Furniture,Tables,10,921.4,776.48,54
592,2024-08-04,West,Furniture,Chairs,3,1125.68,822.39,39
593,2024-01-28,East,Beauty,Skincare,8,1484.59,1207.02,53
594,2024-06-29,South,Electronics,Mobiles,6,1989.71,1710.92,47
595,2024-07-30,East,Fashion,Women,1,1480.93,1149.01,26
596,2024-03-14,East,Beauty,Makeup,5,2279.35,1767.91,13
597,2024-11-01,West,Grocery,Snacks,10,2218.98,1925.95,48
598,2024-05-10,North,Furniture,Chairs,1,1176.35,947.04,36
599,2024-08-17,East,Electronics,Laptops,9,506.26,453.98,49
600,2024-03-18,East,Beauty,Makeup,8,209.93,191.92,8
601,2024-02-24,West,Fashion,Women,4,1874.08,1281.06,20
602,2024-01-21,North,Electronics,Mobiles,8,192.34,159.58,59
603,2024-02-06,South,Electronics,Mobiles,6,1492.79,1358.13,28
604,2024-07-29,South,Electronics,Mobiles,1,1848.89,1458.06,39
605,2024-05-27,East,Beauty,Skincare,10,1460.36,1096.68,12
606,2024-09-17,East,Beauty,Skincare,8,2027.52,1505.79,30
607,2024-06-24,West,Furniture,Chairs,10,2708.43,1837.65,25
608,2024-11-10,East,Grocery,Beverages,2,1909.35,1746.18,17
609,2024-04-27,North,Grocery,Beverages,3,2592.5,1844.59,58
610,2024-03-29,North,Electronics,Laptops,9,1480.29,1046.28,36
611,2024-12-28,North,Furniture,Chairs,10,576.18,472.77,27
612,2024-02-08,West,Furniture,Tables,10,415.72,331.69,51
613,2024-04-05,East,Electronics,Laptops,1,1001.08,767.4,50
614,2024-01-09,North,Furniture,Chairs,3,405.4,334.82,43
615,2024-07-03,East,Fashion,Women,6,1630.49,1298.21,33
616,2024-02-27,West,Fashion,Men,2,1891.8,1532.88,55
617,2024-11-16,South,Grocery,Beverages,1,1214.51,922.57,22
618,2024-10-19,North,Beauty,Makeup,4,743.5,587.67,45
619,2024-02-16,East,Grocery,Beverages,4,1767.66,1645.75,44
620,2024-02-17,West,Fashion,Women,3,2194.78,1806.68,46
621,2024-08-29,West,Grocery,Beverages,2,1908.27,1614.74,14
622,2024-01-16,North,Fashion,Women,8,1232.68,1105.6,48
623,2024-04-11,West,Furniture,Chairs,5,223.06,176.2,32
624,2024-04-16,West,Furniture,Tables,4,2313.31,1962.51,57
625,2024-06-20,South,Furniture,Tables,7,1372.71,984.95,9
626,2024-03-30,East,Fashion,Men,5,2463.12,1844.18,30
627,2024-06-04,West,Beauty,Skincare,3,708.85,494.06,30
628,2024-01-05,East,Grocery,Snacks,10,1738.5,1184.51,37
629,2024-07-28,East,Furniture,Tables,1,531.31,364.29,45
630,2024-07-08,South,Electronics,Mobiles,4,237.35,164.88,58
631,2024-04-15,North,Grocery,Snacks,9,1781.62,1204.89,14
632,2024-03-19,East,Beauty,Skincare,10,1554.77,1244.02,15
633,2024-12-18,West,Beauty,Skincare,4,215.8,157.04,12
634,2024-02-03,North,Furniture,Chairs,9,323.07,265.22,9
635,2024-05-22,East,Furniture,Chairs,6,169.22,134.14,20
636,2024-04-03,West,Fashion,Men,4,1637.61,1144.3,31
637,2024-11-30,East,Furniture,Chairs,10,1371.57,1109.26,59
638,2024-01-17,East,Fashion,Men,7,1912.28,1650.35,23
639,2024-02-04,South,Beauty,Skincare,1,1448.42,1317.09,50
640,2024-01-15,South,Beauty,Skincare,10,471.08,369.78,44
641,2024-09-29,East,Beauty,Skincare,3,1726.9,1630.7,58
642,2024-07-13,South,Electronics,Laptops,1,1504.38,1186.85,25
643,2024-12-24,East,Electronics,Mobiles,5,1219.99,1100.89,52
644,2024-05-15,North,Furniture,Tables,3,1648.48,1513.02,39
645,2024-11-08,East,Furniture,Tables,1,1145.2,980.72,46
646,2024-09-22,East,Beauty,Skincare,2,1124.9,905.89,52
647,2024-07-05,East,Grocery,Snacks,2,119.22,106.06,34
648,2024-12-18,North,Beauty,Makeup,8,1207.98,1001.32,42
649,2024-06-09,West,Grocery,Snacks,2,1300.83,914.99,45
650,2024-11-29,South,Beauty,Makeup,6,1104.95,1035.74,11
651,2024-03-12,South,Furniture,Tables,6,2680.5,1807.12,29
652,2024-04-28,North,Fashion,Men,2,875.41,630.83,52
653,2024-04-22,South,Grocery,Beverages,8,1404.09,1156.22,26
654,2024-01-30,North,Grocery,Beverages,3,1286.05,1196.27,9
655,2024-08-11,North,Furniture,Chairs,4,1622.95,1124.42,35
656,2024-10-29,South,Electronics,Laptops,4,2103.3,1850.5,39
657,2024-09-22,South,Beauty,Skincare,8,2329.22,1750.48,9
658,2024-10-12,East,Electronics,Laptops,3,717.44,585.53,53
659,2024-01-31,South,Grocery,Snacks,3,2064.5,1594.9,57
660,2024-07-04,North,Beauty,Skincare,1,989.95,819.08,13
661,2024-04-30,North,Electronics,Mobiles,8,1220.0,957.08,7
662,2024-03-24,West,Grocery,Snacks,7,577.82,405.05,23
663,2024-08-22,North,Electronics,Mobiles,6,865.37,583.47,29
664,2024-03-05,East,Furniture,Tables,3,2318.71,1646.41,35
665,2024-12-16,West,Electronics,Mobiles,7,867.62,693.35,33
666,2024-09-02,East,Grocery,Snacks,5,842.82,704.83,26
667,2024-11-25,South,Fashion,Women,3,228.81,192.35,52
668,2024-03-17,South,Fashion,Men,7,1735.23,1527.47,41
669,2024-10-10,North,Fashion,Women,9,1671.53,1138.58,17
670,2024-10-09,South,Grocery,Snacks,1,1726.01,1566.01,24
671,2024-09-17,West,Grocery,Snacks,5,377.68,277.51,25
672,2024-10-22,West,Fashion,Women,4,1718.34,1461.78,54
673,2024-05-18,South,Fashion,Men,4,2581.22,1911.89,34
674,2024-09-17,North,Fashion,Men,1,2556.51,1868.0,57
675,2024-09-18,West,Grocery,Beverages,9,1491.75,1184.17,30
676,2024-09-22,North,Beauty,Skincare,4,668.29,526.51,39
677,2024-06-06,East,Beauty,Makeup,3,382.92,304.74,20
678,2024-08-28,South,Grocery,Beverages,7,2464.73,1715.97,12
679,2024-10-06,East,Electronics,Laptops,5,1894.75,1466.33,40
680,2024-06-09,West,Furniture,Tables,2,1781.51,1204.29,23
681,2024-08-28,West,Beauty,Skincare,4,2429.07,1796.14,53
682,2024-09-03,West,Beauty,Makeup,1,1026.08,732.93,50
683,2024-07-30,South,Fashion,Women,8,168.96,118.23,55
684,2024-12-20,North,Grocery,Beverages,7,209.16,169.97,41
685,2024-03-27,East,Grocery,Snacks,7,1046.83,833.39,16
686,2024-04-19,East,Furniture,Chairs,1,1884.56,1405.4,60
687,2024-07-09,South,Electronics,Laptops,5,2063.98,1781.51,15
688,2024-04-01,West,Beauty,Skincare,4,526.77,412.43,53
689,2024-10-02,West,Beauty,Skincare,3,1802.53,1599.67,51
690,2024-02-20,West,Furniture,Chairs,7,1635.24,1105.95,45
691,2024-11-09,West,Furniture,Tables,8,274.3,220.98,29
692,2024-09-21,North,Beauty,Makeup,4,227.57,172.76,41
693,2024-04-05,West,Furniture,Tables,6,1797.51,1444.13,18
694,2024-10-31,East,Grocery,Snacks,9,1179.65,809.21,34
695,2024-07-03,North,Grocery,Beverages,10,648.89,614.93,40
696,2024-04-02,North,Fashion,Men,5,813.33,621.71,41
697,2024-05-15,South,Furniture,Chairs,5,499.28,372.82,17
698,2024-08-28,West,Grocery,Beverages,6,737.89,615.23,15
699,2024-12-25,South,Electronics,Mobiles,8,664.41,554.25,6
700,2024-03-18,North,Furniture,Tables,8,2222.22,1775.56,43
701,2024-11-06,South,Fashion,Men,1,2150.57,1724.92,43
702,2024-10-08,West,Beauty,Skincare,7,407.02,271.78,46
703,2024-10-07,South,Grocery,Snacks,6,1790.77,1532.39,16
704,2024-05-18,North,Grocery,Beverages,7,569.06,452.07,13
705,2024-07-07,South,Beauty,Skincare,9,2516.14,1894.39,58
706,2024-12-04,North,Furniture,Tables,1,234.96,160.54,40
707,2024-06-06,East,Electronics,Laptops,2,925.49,674.17,42
708,2024-07-05,South,Beauty,Skincare,1,608.87,516.38,59
709,2024-05-30,East,Grocery,Beverages,9,273.36,213.09,55
710,2024-06-06,South,Beauty,Makeup,5,2632.73,1830.67,52
711,2024-07-28,South,Fashion,Women,3,2166.38,1660.01,8
712,2024-03-18,West,Grocery,Snacks,9,2243.91,1507.03,56
713,2024-01-15,South,Beauty,Skincare,4,825.75,552.07,43
714,2024-01-01,West,Grocery,Beverages,1,705.06,479.48,10
715,2024-07-26,North,Beauty,Skincare,4,1107.22,1051.34,36
716,2024-08-21,West,Furniture,Tables,9,1374.6,1044.72,56
717,2024-02-22,South,Furniture,Chairs,10,1616.95,1450.8,29
718,2024-03-04,West,Beauty,Makeup,6,693.76,543.39,9
719,2024-11-19,East,Grocery,Beverages,8,1526.19,1228.2,23
720,2024-08-10,West,Beauty,Makeup,1,206.16,171.5,58
721,2024-01-06,North,Electronics,Mobiles,3,660.14,470.41,30
722,2024-01-13,South,Furniture,Tables,10,1655.19,1423.69,26
723,2024-04-18,West,Electronics,Laptops,3,808.67,641.81,37
724,2024-08-12,North,Furniture,Tables,1,346.58,289.9,14
725,2024-08-30,South,Beauty,Skincare,5,1164.95,893.01,35
726,2024-07-27,East,Grocery,Snacks,4,939.83,733.26,26
727,2024-12-10,East,Furniture,Chairs,9,1072.16,881.14,47
728,2024-05-20,West,Furniture,Chairs,9,1581.31,1454.62,9
729,2024-09-08,North,Fashion,Men,7,2173.8,1785.22,5
730,2024-12-22,South,Furniture,Tables,3,645.78,530.21,28
731,2024-08-05,South,Fashion,Men,7,515.06,346.2,38
732,2024-04-06,South,Electronics,Laptops,1,805.57,551.52,60
733,2024-06-03,West,Beauty,Skincare,10,178.24,142.7,8
734,2024-04-20,South,Grocery,Snacks,9,1735.28,1538.92,15
735,2024-12-04,South,Grocery,Snacks,9,1664.21,1237.68,28
736,2024-10-03,West,Grocery,Beverages,7,1423.9,1321.92,25
737,2024-01-02,West,Fashion,Men,9,1639.53,1229.26,33
738,2024-12-01,North,Furniture,Tables,2,857.59,604.84,55
739,2024-10-05,North,Grocery,Snacks,4,1289.59,934.26,35
740,2024-02-23,South,Furniture,Tables,7,825.08,763.5,23
741,2024-05-22,West,Furniture,Tables,9,619.63,555.82,44
742,2024-04-07,South,Electronics,Laptops,10,499.37,348.75,30
743,2024-06-22,West,Electronics,Laptops,4,2635.26,1813.48,8
744,2024-12-29,North,Beauty,Skincare,6,860.51,694.27,23
745,2024-10-21,East,Furniture,Tables,6,418.23,386.44,15
746,2024-07-04,South,Beauty,Makeup,9,1287.85,859.88,38
747,2024-03-08,South,Fashion,Women,10,315.01,290.55,45
748,2024-07-04,West,Beauty,Skincare,6,1141.04,878.18,37
749,2024-08-28,South,Beauty,Skincare,5,1225.68,934.79,21
750,2024-08-30,South,Beauty,Skincare,7,703.51,607.76,7
751,2024-08-21,North,Electronics,Laptops,9,2582.76,1854.16,11
752,2024-10-11,South,Beauty,Makeup,7,618.52,513.12,16
753,2024-03-10,South,Furniture,Tables,10,766.55,666.84,18
754,2024-10-19,North,Electronics,Laptops,2,2009.07,1352.13,38
755,2024-09-04,South,Fashion,Men,1,1922.48,1454.37,20
756,2024-07-27,East,Furniture,Tables,3,440.0,299.35,32
757,2024-09-14,East,Beauty,Skincare,7,2122.07,1731.72,59
758,2024-12-22,East,Beauty,Makeup,4,700.13,538.12,6
759,2024-03-28,South,Beauty,Makeup,3,1009.71,918.34,49
760,2024-11-22,East,Furniture,Tables,3,1181.28,979.06,11
761,2024-06-30,East,Grocery,Snacks,8,314.0,248.66,8
762,2024-12-11,South,Grocery,Beverages,9,2166.29,1986.82,27
763,2024-01-04,East,Beauty,Makeup,6,1395.15,1025.49,13
764,2024-05-20,East,Electronics,Laptops,8,893.31,715.71,30
765,2024-06-25,North,Furniture,Tables,6,1026.0,746.59,56
766,2024-09-20,South,Fashion,Men,8,402.21,284.66,40
767,2024-07-26,West,Electronics,Mobiles,7,570.05,417.11,29
768,2024-10-30,North,Furniture,Tables,4,580.36,475.64,45
769,2024-06-05,North,Electronics,Laptops,9,1786.58,1314.45,58
770,2024-09-16,South,Furniture,Tables,4,1201.6,1023.61,41
771,2024-10-20,North,Electronics,Mobiles,6,1341.14,1152.09,22
772,2024-02-28,West,Beauty,Makeup,10,2050.09,1630.74,10
773,2024-04-29,South,Fashion,Men,9,1517.17,1076.55,26
774,2024-01-19,South,Beauty,Makeup,9,1460.89,1156.83,28
775,2024-05-22,East,Electronics,Laptops,2,1537.29,1094.1,54
776,2024-01-23,North,Electronics,Mobiles,9,2519.18,1753.16,24
777,2024-04-30,South,Beauty,Makeup,2,2376.16,1600.63,28
778,2024-02-11,North,Fashion,Women,9,1071.05,994.12,48
779,2024-05-24,South,Beauty,Makeup,9,1998.75,1612.52,24
780,2024-06-22,West,Furniture,Tables,5,281.4,196.73,17
781,2024-06-17,North,Furniture,Tables,3,1761.96,1349.3,12
782,2024-09-13,South,Electronics,Mobiles,8,2285.53,1583.3,54
783,2024-08-01,North,Furniture,Tables,9,485.21,446.5,49
784,2024-05-03,North,Grocery,Snacks,8,385.73,263.35,15
785,2024-12-18,West,Electronics,Laptops,10,1435.18,1110.34,56
786,2024-05-09,West,Beauty,Makeup,1,1577.35,1211.56,19
787,2024-03-11,South,Beauty,Skincare,9,380.14,271.85,51
788,2024-09-19,South,Fashion,Men,8,1402.47,1308.22,18
789,2024-11-17,West,Beauty,Skincare,2,577.16,387.72,52
790,2024-06-26,West,Grocery,Beverages,3,1451.02,1231.05,27
791,2024-10-23,West,Electronics,Mobiles,9,2765.29,1935.41,16
792,2024-05-18,North,Electronics,Laptops,3,1009.12,761.98,11
793,2024-07-05,South,Fashion,Men,6,396.47,270.79,59
794,2024-05-29,North,Fashion,Men,7,1381.78,998.75,12
795,2024-07-14,South,Electronics,Laptops,2,1482.08,1175.34,11
796,2024-01-17,North,Grocery,Beverages,9,1783.85,1691.25,47
797,2024-09-27,East,Electronics,Laptops,9,1117.63,999.11,5
798,2024-11-02,North,Beauty,Makeup,4,1277.21,1151.15,19
799,2024-09-17,West,Electronics,Laptops,4,1061.75,915.2,29
800,2024-09-06,West,Beauty,Makeup,2,2019.41,1851.78,6
